,title,author,stars,ratings and reviews,tags
0,Wonder,['R.J. Palacio'],4.37,"['1,108,398 ratings76,882 reviews']","Young Adult, Fiction, Middle Grade, Contemporary, Realistic Fiction, Childrens, School"
1,Heroes: A Novel of Pearl Harbor,['Alan Gratz'],4.25,"['2,120 ratings306 reviews']","Historical Fiction, Middle Grade, Historical, Fiction, Young Adult, Adventure, World War II"
2,Refugee,['Alan Gratz'],4.38,"['70,349 ratings9,277 reviews']","Historical Fiction, Young Adult, Middle Grade, Fiction, Historical, Realistic Fiction, War"
3,The Sun and the Star,['Mark Oshiro' 'Rick Riordan'],4.24,"['39,831 ratings7,153 reviews']","Fantasy, Mythology, LGBT, Young Adult, Middle Grade, Queer, Romance"
4,Wings of Fire: A Guide to the Dragon World,['Joy Ang' 'Tui T. Sutherland'],4.56,['796 ratings77 reviews'],"Fantasy, Dragons, Middle Grade, Fiction, Animals, Young Adult, High Fantasy"
5,A Royal Conundrum,['Dan Santat' 'Lisa Yee'],3.82,"['1,181 ratings316 reviews']","Middle Grade, Mystery, Adventure, Fiction, Humor, Graphic Novels, Childrens"
6,Odder,['Charles Santoso' 'Katherine Applegate'],4.25,"['9,387 ratings1,426 reviews']","Middle Grade, Poetry, Animals, Fiction, Childrens, Audiobook, Juvenile"
7,They Call Me No Sam!,['Drew Daywalt' 'Mike Lowery'],4.03,['118 ratings34 reviews'],"Middle Grade, Humor, Childrens, Animals, Juvenile, Adventure, Science Fiction"
8,The Complete Cookbook for Young Chefs,"[""America's Test Kitchen""]",4.4,['789 ratings69 reviews'],"Cookbooks, Cooking, Nonfiction, Childrens, Food, Reference, Middle Grade"
9,Faker,['Gordon Korman'],4.22,['318 ratings79 reviews'],"Middle Grade, Realistic Fiction, Childrens, Humor, Contemporary, Fiction, Family"
10,Ferris,['Kate DiCamillo'],4.3,"['3,110 ratings648 reviews']","Middle Grade, Fiction, Family, Realistic Fiction, Childrens, Audiobook, Humor"
11,Roswell Johnson Saves the World!,['Chris Colfer'],4.03,['137 ratings37 reviews'],"Middle Grade, Science Fiction, Fantasy, Adventure, Childrens, Audiobook, Fiction"
12,Ground Zero,['Alan Gratz'],4.33,"['20,438 ratings2,391 reviews']","Historical Fiction, Middle Grade, Young Adult, Fiction, Historical, War, Realistic Fiction"
13,A Horse Named Sky,['Kirbi Fagan' 'Rosanne Parry'],4.22,['316 ratings69 reviews'],"Middle Grade, Historical Fiction, Horses, Animals, Adventure, Childrens, Juvenile"
14,The Secret Library,['Kekla Magoon'],3.86,['373 ratings89 reviews'],"Middle Grade, Fantasy, Adventure, Fiction, Time Travel, Science Fiction, Juvenile"
15,Coyote Lost and Found,['Dan Gemeinhart'],4.55,"['2,452 ratings575 reviews']","Middle Grade, Realistic Fiction, Fiction, Family, Audiobook, Adventure, Young Adult"
16,Tree. Table. Book.,['Lois Lowry'],4.42,"['1,414 ratings432 reviews']","Middle Grade, Fiction, Childrens, Realistic Fiction, Contemporary, Young Adult, Family"
17,The Mystery of Locked Rooms,['Lindsay Currie'],4.05,['915 ratings291 reviews'],"Middle Grade, Mystery, Adventure, Fiction, Childrens, Realistic Fiction, Contemporary"
18,Louder Than Hunger,['John Schu'],4.56,"['2,639 ratings533 reviews']","Middle Grade, Poetry, Mental Health, Young Adult, Realistic Fiction, Fiction, Audiobook"
19,"Stay Curious and Keep Exploring: Next Level: 50 Bigger, Bolder Science Experiments to Do with the Whole Family",['Emily Calandrelli'],4.5,['32 ratings17 reviews'],
20,"Unstoppable Us, Vol. 2: Why the World Isn't Fair",['Ricard Zaplana Ruiz' 'Yuval Noah Harari'],4.35,['509 ratings73 reviews'],"Nonfiction, History, Science, Childrens, Audiobook, Historical, School"
21,Uprising,['Jennifer A. Nielsen'],4.43,['976 ratings182 reviews'],"Historical Fiction, Middle Grade, World War II, Young Adult, Historical, War, Holocaust"
22,"Unstoppable Us, Volume 1: How Humans Took Over the World",['Ricard Zaplana Ruiz' 'Yuval Noah Harari'],4.24,"['2,652 ratings370 reviews']","Nonfiction, History, Childrens, Science, Middle Grade, Historical, Audiobook"
23,Max in the House of Spies: A Tale of World War II,['Adam Gidwitz'],4.2,['713 ratings183 reviews'],"Historical Fiction, Middle Grade, Fantasy, Historical, Fiction, Childrens, Adventure"
24,Finally Heard,['Kelly Yang'],4.34,['725 ratings152 reviews'],"Middle Grade, Realistic Fiction, Fiction, Contemporary, Social Media, School, Young Adult"
25,Little Leaders: Bold Women in Black History,['Vashti Harrison'],4.58,"['4,048 ratings752 reviews']","Nonfiction, Picture Books, Biography, History, Childrens, Feminism, Middle Grade"
26,"The Complete Baking Book for Young Chefs: 100+ Sweet and Savory Recipes that You'll Love to Bake, Share and Eat!","[""America's Test Kitchen Kids""]",4.47,['367 ratings34 reviews'],"Cookbooks, Cooking, Nonfiction, Childrens, Food, Reference, Middle Grade"
27,Little Legends: Exceptional Men in Black History,['Kwesi Johnson' 'Vashti Harrison'],4.63,['769 ratings128 reviews'],"History, Nonfiction, Biography, Childrens, Picture Books, African American, Middle Grade"
28,Barracoon: Adapted for Young Readers: The Story of the Last Black Cargo,['Ibram X. Kendi' 'Jazzmen Lee-Johnson' 'Zora Neale Hurston'],4.35,['185 ratings39 reviews'],"Nonfiction, History, Middle Grade, African American, Memoir, Childrens, American History"
29,Dogtown,['Gennifer Choldenko' 'Katherine Applegate' 'Wallace  West'],4.23,"['1,539 ratings329 reviews']","Middle Grade, Fantasy, Animals, Fiction, Dogs, Childrens, Adventure"
30,The Official Harry Potter Cookbook: 40+ Recipes Inspired by the Films,['Joanna Farrow'],3.67,['94 ratings16 reviews'],"Cookbooks, Nonfiction, Cooking, Food"
31,The Lost Library,['Rebecca Stead' 'Wendy Mass'],4.13,"['6,492 ratings1,331 reviews']","Middle Grade, Mystery, Fantasy, Fiction, Books About Books, Audiobook, Childrens"
32,The Harry Potter Wizarding Almanac: The official magical companion to J.K. Rowling's Harry Potter books,['J.K. Rowling' 'Louise Lockhart' 'Peter Goes'],4.3,"['4,939 ratings246 reviews']","Fantasy, Fiction, Magic, Young Adult, Childrens, Witches, Art"
33,Juniper’s Christmas,['Eoin Colfer'],3.99,['821 ratings177 reviews'],"Christmas, Middle Grade, Fantasy, Holiday, Fiction, Childrens, Audiobook"
34,The Puppets of Spelhorst,['Julie Morstad' 'Kate DiCamillo'],4.19,"['4,002 ratings764 reviews']","Middle Grade, Fantasy, Fiction, Childrens, Juvenile, Adventure, Audiobook"
35,The Wheel of the Year: An Illustrated Guide to Nature's Rhythms,['Fiona  Cook' 'Jessica Roux'],4.51,['237 ratings52 reviews'],"Nonfiction, Witchcraft, Nature, Childrens, Spirituality, Picture Books, Middle Grade"
36,"Chinese Menu: The History, Myths, and Legends Behind Your Favorite Foods",['Grace Lin'],4.22,['612 ratings154 reviews'],"Nonfiction, Food, History, Middle Grade, Mythology, Childrens, Historical"
37,Remember Us,['Jacqueline Woodson'],4.28,"['2,137 ratings337 reviews']","Middle Grade, Historical Fiction, Fiction, Sports, Audiobook, Young Adult, Realistic Fiction"
38,Wrecker,['Carl Hiaasen'],4.04,"['3,060 ratings341 reviews']","Mystery, Middle Grade, Young Adult, Fiction, Adventure, Audiobook, Realistic Fiction"
39,Rosie Frost and the Falcon Queen,['Geri Halliwell' 'Geri Halliwell-Horner'],4.02,['641 ratings116 reviews'],"Fantasy, Middle Grade, Young Adult, Fiction, Magic, Audiobook, Mystery"
40,The Little Kid with the Big Green Hand,['Matthew Gray Gubler'],4.68,"['1,051 ratings191 reviews']","Childrens, Fiction, Picture Books, Graphic Novels, Middle Grade, Juvenile"
41,Greeking Out: Epic Retellings of Classic Greek Myths,['Javier Espila' 'Jillian Hughes' 'Kenny Curtis'],4.37,['91 ratings14 reviews'],"Nonfiction, Mythology, Childrens, History, Greek Mythology, Ancient"
42,"Stuntboy, In-Between Time",['Jason Reynolds' 'Raúl the Third'],4.03,['283 ratings55 reviews'],"Middle Grade, Graphic Novels, Fiction, Adventure, Realistic Fiction, Humor, Contemporary"
43,A Rover's Story,['Jasmine Warga'],4.28,"['6,040 ratings1,130 reviews']","Middle Grade, Science Fiction, Fiction, Childrens, Adventure, Audiobook, Space"
44,Greenwild,['Alan Baker' 'Elisa Paganelli' 'Pari Thomson'],4.2,"['1,871 ratings373 reviews']","Middle Grade, Fantasy, Childrens, Fiction, Magic, Nature, Audiobook"
46,Two Degrees,['Alan Gratz'],4.15,"['5,843 ratings775 reviews']","Middle Grade, Realistic Fiction, Adventure, Young Adult, Fiction, Survival, Climate Change"
47,The Manifestor Prophecy,['Angie Thomas'],4.19,"['2,492 ratings548 reviews']","Fantasy, Middle Grade, Fiction, Adventure, Magic, Audiobook, Childrens"
48,Skandar and the Unicorn Thief,['A.F. Steadman'],4.13,"['6,941 ratings1,219 reviews']","Fantasy, Middle Grade, Fiction, Magic, Adventure, Childrens, Audiobook"
49,Fall of the School for Good and Evil,['Soman Chainani'],4.04,"['1,689 ratings262 reviews']","Fantasy, Middle Grade, Fiction, Young Adult, Magic, Fairy Tales, Romance"
50,"Catch a Crayfish, Count the Stars: Fun Projects, Skills, and Adventures for Outdoor Kids",['Steven Rinella'],4.54,['103 ratings29 reviews'],"Parenting, Childrens, Nonfiction, Science, Outdoors, Adventure"
51,Crowned: Magical Folk and Fairy Tales from the Diaspora,['Kahran  Bethencourt' 'Regis Bethencourt' 'Salamishah Tillet'],4.39,['238 ratings82 reviews'],"Fantasy, Fairy Tales, Fiction, Childrens, Art, Short Stories, African American"
52,Skandar and the Phantom Rider,['A.F. Steadman'],4.39,"['2,778 ratings343 reviews']","Fantasy, Middle Grade, Fiction, Audiobook, Adventure, Childrens, Magic"
53,Once There Was,['Kiyash Monsef'],3.99,"['1,712 ratings359 reviews']","Fantasy, Middle Grade, Young Adult, Mythology, Animals, Mystery, Fiction"
54,Big Tree,['Brian Selznick'],4.05,"['3,137 ratings636 reviews']","Middle Grade, Fantasy, Fiction, Nature, Childrens, Graphic Novels, Historical Fiction"
55,"It's Not Bragging If It's True: How to Be Awesome at Life, from a Winner of the Scripps National Spelling Bee",['Marti Dumas' 'Zaila Avant-Garde'],3.72,['131 ratings24 reviews'],"Memoir, Middle Grade, Nonfiction, Biography, Childrens, Sports"
56,The Golden Frog Games,['Claribel A. Ortega'],4.32,['904 ratings184 reviews'],"Middle Grade, Fantasy, Witches, Mystery, Audiobook, Magic, Fiction"
57,Freewater,['Amina Luqman-Dawson'],4.18,"['4,338 ratings789 reviews']","Historical Fiction, Middle Grade, Fiction, Historical, Childrens, Young Adult, African American"
58,The Swifts: A Dictionary of Scoundrels,['Beth Lincoln' 'Claire   Powell'],4.06,"['4,335 ratings817 reviews']","Middle Grade, Mystery, Fiction, Humor, Childrens, Family, Audiobook"
59,The Rhythm of Time,['Questlove' 'S.A. Cosby'],4.07,['478 ratings96 reviews'],"Middle Grade, Science Fiction, Fantasy, Time Travel, Fiction, Audiobook, Young Adult"
60,I Am the Walrus,['Eric Elfman' 'Neal Shusterman'],3.73,['245 ratings61 reviews'],"Science Fiction, Middle Grade, Humor, Fantasy, Fiction, Young Adult, Animals"
61,Quest for Planet X,['Pétur Antonsson' 'Tessa  Gratton'],3.62,"['1,281 ratings156 reviews']","Star Wars, Science Fiction, Middle Grade, Fiction, Audiobook, Young Adult, Fantasy"
62,The Sister Switch,['Debbie Rigaud' 'Maxine Vee' 'Sarah Mlynowski'],4.31,['238 ratings29 reviews'],"Fantasy, Middle Grade, Audiobook, Childrens"
63,Iceberg,['Jennifer A. Nielsen'],4.14,"['3,921 ratings557 reviews']","Historical Fiction, Middle Grade, Historical, Fiction, Young Adult, Adventure, Audiobook"
64,On Air with Zoe Washington,['Janae Marks'],4.25,"['1,149 ratings205 reviews']","Middle Grade, Realistic Fiction, Fiction, Contemporary, Family, Audiobook, Childrens"
65,Finally Seen,['Kelly Yang'],4.46,"['2,837 ratings429 reviews']","Middle Grade, Realistic Fiction, Fiction, Audiobook, Family, Contemporary, School"
66,The Door of No Return,['Kwame Alexander'],4.32,"['5,999 ratings975 reviews']","Historical Fiction, Middle Grade, Poetry, Young Adult, Fiction, Africa, Historical"
67,New from Here,['Kelly Yang'],4.3,"['4,087 ratings708 reviews']","Middle Grade, Realistic Fiction, Fiction, Audiobook, Family, Contemporary, Childrens"
68,"Stuntboy, in the Meantime",['Jason Reynolds' 'Raúl the Third'],3.96,"['2,735 ratings494 reviews']","Middle Grade, Graphic Novels, Realistic Fiction, Fiction, Humor, Family, Childrens"
69,The Windeby Puzzle,['Lois Lowry'],3.53,"['1,763 ratings368 reviews']","Historical Fiction, Middle Grade, Historical, Fiction, Childrens, Young Adult, Audiobook"
70,Daughter of the Deep,['Rick Riordan'],4.22,"['27,049 ratings3,986 reviews']","Fantasy, Middle Grade, Young Adult, Science Fiction, Fiction, Adventure, Retellings"
71,The Last Cuentista,['Donna Barba Higuera'],4.08,"['22,760 ratings3,926 reviews']","Middle Grade, Science Fiction, Young Adult, Fantasy, Fiction, Dystopia, Audiobook"
72,Sky,['Erin Hunter'],4.34,"['1,451 ratings119 reviews']","Fantasy, Animals, Middle Grade, Childrens, Fiction, Cats, Contemporary"
73,The Christmas Pig,['J.K. Rowling' 'Jim Field'],4.17,"['33,432 ratings4,973 reviews']","Fantasy, Christmas, Fiction, Middle Grade, Childrens, Holiday, Adventure"
74,The Official Harry Potter Baking Book: 40+ Recipes Inspired by the Films,['Joanna Farrow'],3.98,['383 ratings53 reviews'],"Cookbooks, Nonfiction, Cooking, Food, Collections, Childrens"
75,The Hocus Pocus Spell Book,['Eric Geron'],3.89,['238 ratings32 reviews'],"Fantasy, Witches, Fiction, Halloween, Magic, Young Adult, Paranormal"
76,Willodeen,['Charles Santoso' 'Katherine Applegate'],4.19,"['5,188 ratings850 reviews']","Fantasy, Middle Grade, Fiction, Animals, Childrens, Nature, Juvenile"
77,"Boys Will Be Human: A Get-Real Gut-Check Guide to Becoming the Strongest, Kindest, Bravest Person You Can Be",['Justin Baldoni'],4.15,['383 ratings59 reviews'],"Nonfiction, Self Help, Parenting, Middle Grade, Audiobook, Childrens, Mental Health"
78,The Midnight Children,['Dan Gemeinhart'],4.16,"['3,210 ratings557 reviews']","Middle Grade, Mystery, Fiction, Childrens, Realistic Fiction, Family, Magical Realism"
79,The Stars Did Wander Darkling,['Colin Meloy'],3.7,"['1,765 ratings318 reviews']","Horror, Middle Grade, Fiction, Fantasy, Young Adult, Childrens, Mystery"
80,"Pax, Journey Home",['Jon Klassen' 'Sara Pennypacker'],4.42,"['5,459 ratings841 reviews']","Middle Grade, Fiction, Animals, Childrens, Adventure, Young Adult, Audiobook"
81,The Marvellers,['Dhonielle Clayton' 'Khadijah Khatib'],4,"['4,579 ratings937 reviews']","Fantasy, Middle Grade, Magic, Fiction, Young Adult, Adventure, Audiobook"
82,Out of My Heart,['Sharon M. Draper'],4.21,"['10,268 ratings1,191 reviews']","Middle Grade, Realistic Fiction, Fiction, Disability, Young Adult, Contemporary, Audiobook"
83,The Cursed Carnival and Other Calamities: New Stories about Mythic Heroes,['Rick Riordan'],3.87,"['1,693 ratings276 reviews']","Fantasy, Middle Grade, Mythology, Short Stories, Anthologies, Fiction, Magic"
84,"Stamped (For Kids): Racism, Antiracism, and You",['Ibram X. Kendi' 'Jason Reynolds' 'Rachelle Baker'],4.39,"['2,610 ratings317 reviews']","Nonfiction, Middle Grade, History, Social Justice, Childrens, Audiobook, Banned Books"
85,Zachary Ying and the Dragon Emperor,['Xiran Jay Zhao'],4.09,"['4,276 ratings1,040 reviews']","Fantasy, Middle Grade, Mythology, LGBT, Queer, Fiction, Young Adult"
86,The Fort,['Gordon Korman'],4.31,"['3,823 ratings515 reviews']","Middle Grade, Realistic Fiction, Audiobook, Abuse, Fiction, Adventure, Young Adult"
87,Thirst,['Varsha Bajaj'],4.14,"['3,516 ratings504 reviews']","Middle Grade, Realistic Fiction, Fiction, India, Contemporary, Family, Young Adult"
88,The Beatryce Prophecy,['Kate DiCamillo' 'Sophie Blackall'],4.3,"['9,749 ratings1,759 reviews']","Middle Grade, Fantasy, Historical Fiction, Fiction, Childrens, Adventure, Juvenile"
89,When You Trap a Tiger,['Tae Keller'],4.15,"['18,153 ratings2,721 reviews']","Middle Grade, Fantasy, Magical Realism, Fiction, Childrens, Family, Audiobook"
90,The Ickabog,['J.K. Rowling'],3.92,"['48,536 ratings6,368 reviews']","Fantasy, Fiction, Middle Grade, Childrens, Young Adult, Adventure, Audiobook"
91,Allies,['Alan Gratz'],4.27,"['10,268 ratings1,135 reviews']","Historical Fiction, Middle Grade, Young Adult, Historical, War, Fiction, World War II"
92,Search for Treasure,['Angela May' 'Mary Alice Monroe'],4.45,['522 ratings79 reviews'],"Middle Grade, Childrens, Fiction, Young Adult, Audiobook, Juvenile"
93,Wishtree,['Katherine Applegate'],4.29,"['37,671 ratings5,776 reviews']","Middle Grade, Fantasy, Fiction, Childrens, Animals, Young Adult, Audiobook"
94,Lines of Courage,['Jennifer A. Nielsen'],4.3,"['2,952 ratings383 reviews']","Historical Fiction, Middle Grade, Young Adult, Historical, Fiction, World War I, War"
95,River,['Erin Hunter'],4.23,"['2,773 ratings183 reviews']","Fantasy, Middle Grade, Animals, Cats, Childrens, Fiction, Young Adult"
96,The Ogress and the Orphans,['Kelly Barnhill'],4.28,"['7,073 ratings1,566 reviews']","Fantasy, Middle Grade, Fiction, Childrens, Young Adult, Dragons, Fairy Tales"
97,Troublemaker,['John  Cho' 'Sarah Suk'],4.03,"['1,474 ratings285 reviews']","Middle Grade, Historical Fiction, Fiction, Historical, Audiobook, Realistic Fiction, Young Adult"
98,Once Upon a Tim,['Stacy Curtis' 'Stuart Gibbs'],3.95,"['1,613 ratings257 reviews']","Middle Grade, Fantasy, Humor, Chapter Books, Childrens, Fiction, Adventure"
99,The Ice Cream Machine: 6 Deliciously Different Stories with the Same Exact Name!,['Adam Rubin'],3.75,['335 ratings63 reviews'],"Middle Grade, Short Stories, Fantasy, Humor, Childrens, Fiction, Chapter Books"
100,Map of Flames,['Lisa McMann'],3.99,"['1,283 ratings175 reviews']","Middle Grade, Fantasy, Adventure, Childrens, Fiction, Mystery, Supernatural"
101,Pony,['R.J. Palacio'],4.25,"['7,858 ratings1,489 reviews']","Middle Grade, Historical Fiction, Fiction, Young Adult, Fantasy, Adventure, Historical"
102,Northwind,['Gary Paulsen'],3.58,"['2,678 ratings523 reviews']","Middle Grade, Historical Fiction, Adventure, Fiction, Survival, Young Adult, Historical"
103,"Dude Perfect 101 Tricks, Tips, and Cool Stuff",['Dude Perfect'],4.45,['153 ratings17 reviews'],"Nonfiction, Childrens, Middle Grade"
104,"Food Network Magazine The Big, Fun Kids Cookbook: 150+ Recipes for Young Chefs",['Food Network Magazine' 'Maile Carpenter'],4.19,['435 ratings45 reviews'],"Cookbooks, Nonfiction, Food, Childrens, Cooking, Reference"
105,How Do You Live?,['Bruno Navasky' 'Genzaburo Yoshino' 'Neil Gaiman'],4.01,"['13,419 ratings2,384 reviews']","Fiction, Classics, Japan, Japanese Literature, Young Adult, Middle Grade, Philosophy"
106,Black Ballerinas: My Journey to Our Legacy,['Misty Copeland' 'Salena Barnes'],4.34,['156 ratings30 reviews'],"Nonfiction, Biography, Childrens, Picture Books, African American, Memoir, Art"
107,We Are Family,['Andrea Williams' 'LeBron James'],4.02,['384 ratings80 reviews'],"Sports, Middle Grade, Realistic Fiction, Fiction, Childrens, Slice Of Life, Family"
108,Beasts and Beauty,['Julia Iredale' 'Soman Chainani'],3.8,"['7,966 ratings1,607 reviews']","Fantasy, Middle Grade, Short Stories, Retellings, Young Adult, Fairy Tales, Fiction"
109,Kaleidoscope,['Brian Selznick'],3.7,"['2,899 ratings663 reviews']","Middle Grade, Fantasy, Short Stories, Fiction, Young Adult, Childrens, Magical Realism"
110,"Like Father, Like Son",['James Patterson'],4.1,"['3,897 ratings236 reviews']","Mystery, Fiction, Middle Grade, Young Adult, Crime, Audiobook, Juvenile"
111,Final Season,['Tim Green'],4.32,['304 ratings38 reviews'],"Sports, Fiction, Realistic Fiction, Football, Audiobook, Young Adult, Middle Grade"
112,Amari and the Night Brothers,['B.B. Alston'],4.38,"['30,911 ratings5,437 reviews']","Fantasy, Middle Grade, Fiction, Mystery, Magic, Audiobook, Young Adult"
113,Best Nerds Forever,['Chris Grabenstein' 'James Patterson'],4.02,"['1,597 ratings262 reviews']","Middle Grade, Fantasy, Mystery, Fiction, Young Adult, Ghosts, Childrens"
114,The Game Master: Summer Schooled,['Matt Zamolo' 'Rebecca Zamolo'],4.2,['233 ratings34 reviews'],"Childrens, Mystery, Middle Grade"
115,"Food Network Magazine The Big, Fun Kids Baking Book: 110+ Recipes for Young Bakers",['Food Network Magazine' 'Maile Carpenter'],4.31,['49 ratings6 reviews'],"Cookbooks, Nonfiction"
116,Race to Crashpoint Tower,['Daniel José Older' 'Pétur Antonsson'],3.55,"['3,137 ratings360 reviews']","Star Wars, Science Fiction, Middle Grade, Fiction, Audiobook, Fantasy, Adventure"
117,Marcus Makes a Movie,['David Cooper' 'Kevin  Hart'],4.15,['701 ratings146 reviews'],"Middle Grade, Humor, Audiobook, Childrens, Fiction, Realistic Fiction, African American"
118,Becoming: Adapted for Young Readers,['Michelle Obama'],4.45,"['1,441 ratings121 reviews']","Nonfiction, Memoir, Biography, Middle Grade, Biography Memoir, Childrens, Autobiography"
119,Uncomfortable Conversations with a Black Boy,['Emmanuel Acho'],4.44,"['1,343 ratings232 reviews']","Nonfiction, Middle Grade, History, Social Justice, Audiobook, Race, Childrens"
120,Willa of Dark Hollow,['Robert  Beatty'],4.27,"['1,440 ratings238 reviews']","Fantasy, Middle Grade, Historical Fiction, Fiction, Historical, Young Adult, Childrens"
121,Becoming Muhammad Ali,['Dawud Anyabwile' 'James Patterson' 'Kwame Alexander'],4.17,"['4,629 ratings651 reviews']","Middle Grade, Sports, Biography, Poetry, Nonfiction, Audiobook, History"
122,Wow in the World: The How and Wow of the Human Body: From Your Tongue to Your Toes and All the Guts in Between,['Guy Raz' 'Jack Teagle' 'Mindy Thomas'],4.6,['123 ratings25 reviews'],"Nonfiction, Science, Childrens, Middle Grade"
123,Golden Gate,['James Ponti'],4.34,"['6,591 ratings449 reviews']","Middle Grade, Mystery, Adventure, Fiction, Audiobook, Espionage, Childrens"
124,Rowley Jefferson's Awesome Friendly Adventure,['Jeff Kinney'],4.22,"['9,236 ratings439 reviews']","Middle Grade, Humor, Childrens, Fiction, Fantasy, Graphic Novels, Adventure"
125,Charlie Thorne and the Lost City,['Stuart Gibbs'],4.4,"['2,770 ratings227 reviews']","Middle Grade, Adventure, Mystery, Fiction, Childrens, Young Adult, Realistic Fiction"
126,Diary of an Awesome Friendly Kid: Rowley Jefferson's Journal,['Jeff Kinney'],3.99,"['45,853 ratings1,175 reviews']","Middle Grade, Humor, Fiction, Childrens, Graphic Novels, Comics, Realistic Fiction"
127,Living the Confidence Code: Real Girls. Real Stories. Real Confidence.,['Claire Shipman' 'JillEllyn Riley' 'Katty Kay'],3.9,['135 ratings21 reviews'],"Nonfiction, Biography, Womens, Parenting, Middle Grade"
128,A Test of Courage,['Justina Ireland' 'Pétur Antonsson'],3.72,"['6,207 ratings786 reviews']","Star Wars, Science Fiction, Fiction, Middle Grade, Fantasy, Young Adult, Audiobook"
129,Battle of the Bodkins,['Lincoln Peirce'],4.46,"['1,171 ratings90 reviews']","Fantasy, Graphic Novels, Humor, Adventure, Middle Grade, Fiction, Childrens"
130,A Wolf Called Wander,['Mónica Armiño' 'Rosanne Parry'],4.21,"['8,151 ratings1,227 reviews']","Middle Grade, Animals, Fiction, Adventure, Childrens, Audiobook, Wolves"
131,Essentially Charli: The Ultimate Guide to Keeping It Real,"[""Charli D'Amelio""]",3.7,['448 ratings70 reviews'],"‘Biography’, ‘Nonfiction’"
132,Bill Nye's Great Big World of Science,['Bill Nye' 'Gregory Mone'],4.42,['45 ratings5 reviews'],"Science, Nonfiction, Childrens, Juvenile"
133,GLORY: Magical Visions of Black Beauty,['Amanda Seales' 'Kahran  Bethencourt' 'Regis Bethencourt'],4.68,['379 ratings121 reviews'],"Nonfiction, Art, Photography, African American, Adult, Art and Photography, Fashion"
134,Look Both Ways: A Tale Told in Ten Blocks,['Alexander Nabaum' 'Jason Reynolds'],3.94,"['18,284 ratings3,023 reviews']","Middle Grade, Short Stories, Young Adult, Realistic Fiction, Fiction, Contemporary, Audiobook"
135,"Superpowered: Transform Anxiety into Courage, Confidence, and Resilience",['Renee Jain' 'Shefali Tsabary'],4.26,['257 ratings56 reviews'],"Nonfiction, Parenting, Childrens, Self Help, Middle Grade, Mental Health, Psychology"
136,Wolfpack,['Abby Wambach'],4.31,"['1,216 ratings143 reviews']","Nonfiction, Middle Grade, Audiobook, Sports, Memoir, Leadership, Childrens"
137,Tristan Strong Destroys the World,['Kwame Mbalia'],4.34,"['2,678 ratings405 reviews']","Fantasy, Middle Grade, Mythology, Young Adult, Fiction, Audiobook, Adventure"
138,Super Good Baking for Kids,['Duff Goldman'],4.33,['94 ratings8 reviews'],"Cookbooks, Nonfiction, Childrens, Cooking"
139,Notorious RBG Young Readers' Edition: The Life and Times of Ruth Bader Ginsburg,['Irin Carmon' 'Shana Knizhnik'],4.19,"['60,289 ratings6,324 reviews']","Nonfiction, Biography, Feminism, History, Politics, Audiobook, Biography Memoir"
140,Three Keys,['Kelly Yang'],4.42,"['9,294 ratings1,208 reviews']","Middle Grade, Realistic Fiction, Historical Fiction, Fiction, Audiobook, Childrens, Contemporary"
141,The Silver Arrow,['Lev Grossman'],3.99,"['3,586 ratings798 reviews']","Fantasy, Middle Grade, Fiction, Adventure, Childrens, Audiobook, Animals"
142,Dragonslayer,['Tui T. Sutherland'],4.52,"['9,003 ratings531 reviews']","Fantasy, Dragons, Middle Grade, Fiction, Young Adult, Childrens, Adventure"
143,Finish the Fight!,['The New York Times' 'Veronica Chambers'],4.18,"['1,053 ratings306 reviews']","Cookbooks, Nonfiction, History, Middle Grade, Biography, Cooking, Feminism"
144,Ali Cross,['James Patterson'],4,"['12,757 ratings796 reviews']","Mystery, Middle Grade, Fiction, Young Adult, Childrens, Audiobook, Thriller"
145,Other Words for Home,['Jasmine Warga'],4.42,"['31,504 ratings4,934 reviews']","Middle Grade, Poetry, Fiction, Realistic Fiction, Contemporary, Young Adult, Family"
146,Tristan Strong Punches a Hole in the Sky,['Kwame Mbalia'],4.18,"['10,004 ratings1,905 reviews']","Fantasy, Middle Grade, Mythology, Fiction, Young Adult, Adventure, Audiobook"
147,Little Dreamers: Visionary Women Around the World,['Vashti Harrison'],4.49,['995 ratings167 reviews'],"Nonfiction, Biography, Picture Books, Childrens, History, Feminism, Middle Grade"
148,If We Were Giants,['Antonio Caparo' 'Clete Smith' 'Dave Matthews'],4.13,['858 ratings153 reviews'],"Fantasy, Middle Grade, Adventure, Childrens, Fiction, Family, Young Adult"
149,Season One,['Kobe Bryant' 'Wesley King'],4.5,['319 ratings37 reviews'],"Sports, Fantasy, Fiction, Young Adult, Basketball"
150,The Deceivers,['Margaret Peterson Haddix'],4,"['3,177 ratings238 reviews']","Middle Grade, Mystery, Fantasy, Science Fiction, Fiction, Audiobook, Adventure"
151,City Spies,['James Ponti'],4.31,"['11,351 ratings1,511 reviews']","Middle Grade, Mystery, Adventure, Fiction, Childrens, Audiobook, Espionage"
152,Legacy and the Queen,['Annie Matthew' 'Kobe Bryant'],4.18,['471 ratings64 reviews'],"Fantasy, Fiction, Sports, Middle Grade, Young Adult, Childrens, Science Fiction Fantasy"
153,Finding Home,['Karen Kingsbury' 'Tyler Russell'],4.51,['778 ratings83 reviews'],"Christian Fiction, Christian, Childrens, Middle Grade, Young Adult, Family, Chapter Books"
154,Epoca: The Tree of Ecrof,['Ivy Claire' 'Kobe Bryant'],4.28,['524 ratings76 reviews'],"Fantasy, Middle Grade, Fiction, Sports, Magic, Young Adult, Teen"
155,Training Camp,['Kobe Bryant' 'Wesley King'],4.06,['848 ratings127 reviews'],"Fantasy, Sports, Middle Grade, Fiction, Young Adult, Childrens, Magic"
156,The Fierce 44: Black Americans Who Shook Up the World,['Robert Ball' 'The Staff of The Undefeated'],4.33,['191 ratings40 reviews'],"Nonfiction, History, Biography, Middle Grade, Childrens, African American, Historical"
157,Race to the Sun,['Rebecca Roanhorse'],4.04,"['5,671 ratings960 reviews']","Fantasy, Middle Grade, Mythology, Fiction, Adventure, Young Adult, Childrens"
158,"Beverly, Right Here",['Kate DiCamillo'],4.14,"['6,521 ratings1,033 reviews']","Middle Grade, Realistic Fiction, Fiction, Historical Fiction, Young Adult, Childrens, Juvenile"
159,Happy Howlidays,['James Patterson' 'Richard Watson' 'Steven Butler'],4.22,['495 ratings52 reviews'],"Middle Grade, Childrens, Humor, Animals, Holiday, Dogs, Christmas"
160,A Beautiful Day in the Neighborhood: The Poetry of Mister Rogers,['Fred Rogers' 'Luke Flowers'],4.34,"['3,200 ratings620 reviews']","Poetry, Picture Books, Childrens, Nonfiction, Music, Juvenile, Audiobook"
161,The Atlas Obscura Explorer’s Guide for the World’s Most Adventurous Kid,['Atlas Obscura' 'Dylan Thuras' 'Rosemary Mosco'],4.42,['548 ratings137 reviews'],"Nonfiction, Travel, Childrens, Middle Grade, Geography, History, Adventure"
162,Good Night Stories for Rebel Girls,['Elena Favilli'],4.32,"['41,466 ratings4,958 reviews']","Nonfiction, Feminism, Short Stories, Childrens, Biography, History, Middle Grade"
163,The Silent Thaw,['Erin Hunter'],4.46,"['3,098 ratings214 reviews']","Fantasy, Animals, Middle Grade, Fiction, Cats, Childrens, Young Adult"
164,The Wild Robot,['Peter  Brown'],4.12,"['64,211 ratings7,220 reviews']","Middle Grade, Science Fiction, Fiction, Childrens, Fantasy, Animals, Audiobook"
165,Rebels with a Cause,['Chris Grabenstein' 'James Patterson'],4.28,"['1,105 ratings101 reviews']","Middle Grade, Adventure, Childrens, Fiction, Young Adult, Mystery, Fantasy"
166,Alien Superstar,['Henry Winkler' 'Lin Oliver'],4.12,['181 ratings39 reviews'],"Middle Grade, Science Fiction, Humor, Aliens, Childrens, Contemporary, Fiction"
167,The Fire Keeper,['Irvin Rodriguez' 'J.C. Cervantes' 'Jennifer Cervantes'],4.32,"['3,724 ratings319 reviews']","Fantasy, Mythology, Middle Grade, Young Adult, Adventure, Fiction, Magic"
168,Charlie Thorne and the Last Equation,['Stuart Gibbs'],4.33,"['5,655 ratings617 reviews']","Middle Grade, Mystery, Adventure, Fiction, Young Adult, Thriller, Audiobook"
169,Tunnel of Bones,['Victoria Schwab'],4.04,"['31,241 ratings5,122 reviews']","Middle Grade, Fantasy, Paranormal, Audiobook, Horror, Young Adult, Ghosts"
170,My Life as an Ice Cream Sandwich,['Ibi Zoboi'],3.31,"['1,900 ratings445 reviews']","Middle Grade, Historical Fiction, Realistic Fiction, Fiction, Historical, Audiobook, Young Adult"
171,Enter the Mine,['Dani Jones' 'PopularMMOs'],4.44,['907 ratings57 reviews'],"Graphic Novels, Fantasy, Middle Grade, Childrens, Adventure, Graphic Novels Comics, Comics"
172,Blended,['Sharon M. Draper'],4.16,"['17,248 ratings2,208 reviews']","Middle Grade, Realistic Fiction, Young Adult, Fiction, Contemporary, Family, Audiobook"
173,Aru Shah and the Song of Death,['Roshani Chokshi'],4.32,"['10,325 ratings1,177 reviews']","Fantasy, Middle Grade, Mythology, Fiction, Adventure, Young Adult, Audiobook"
174,Ghost Boys,['Jewell Parker Rhodes'],4.35,"['31,062 ratings4,494 reviews']","Middle Grade, Young Adult, Fiction, Realistic Fiction, Historical Fiction, Contemporary, Social Justice"
175,Merci Suárez Changes Gears,['Meg Medina'],4.19,"['8,125 ratings1,610 reviews']","Middle Grade, Realistic Fiction, Fiction, Family, Childrens, Young Adult, Contemporary"
176,Minecraft: The Island,['Max Brooks'],4.18,"['6,448 ratings823 reviews']","Fantasy, Fiction, Childrens, Middle Grade, Young Adult, Audiobook, Science Fiction"
177,The First,['Katherine Applegate' 'Max Kostenko'],4.38,"['2,757 ratings296 reviews']","Fantasy, Middle Grade, Fiction, Adventure, Young Adult, Animals, Childrens"
178,The Creature of the Pines,['Adam Gidwitz' 'Christopher Smith' 'Jesse Casey'],3.91,"['2,010 ratings371 reviews']","Fantasy, Middle Grade, Adventure, Childrens, Fiction, Chapter Books, Juvenile"
179,Batting Order,['Mike Lupica'],3.96,['181 ratings28 reviews'],"Sports, Middle Grade, Realistic Fiction, Baseball, Juvenile, Childrens"
180,Women in Science: 50 Fearless Pioneers Who Changed the World,['Rachel Ignotofsky'],4.44,"['6,549 ratings988 reviews']","Nonfiction, Science, Feminism, History, Biography, Womens, Childrens"
181,Shouting at the Rain,['Lynda Mullaly Hunt'],4.15,"['8,310 ratings974 reviews']","Middle Grade, Realistic Fiction, Fiction, Young Adult, Family, Childrens, Contemporary"
182,"Rumple Buttercup: A Story of Bananas, Belonging, and Being Yourself",['Matthew Gray Gubler'],4.66,"['7,078 ratings1,187 reviews']","Childrens, Picture Books, Fiction, Graphic Novels, Middle Grade, Fantasy, Humor"
183,Max and the Midknights,['Lincoln Peirce'],4.18,"['3,098 ratings329 reviews']","Fantasy, Middle Grade, Graphic Novels, Humor, Adventure, Fiction, Childrens"
184,Lost Stars,['Erin Hunter'],4.32,"['4,453 ratings277 reviews']","Fantasy, Animals, Middle Grade, Fiction, Cats, Childrens, Young Adult"
185,Dog Diaries,['James Patterson' 'Richard Watson' 'Steven Butler'],4.09,"['1,103 ratings138 reviews']","Middle Grade, Childrens, Humor, Fiction, Animals, Chapter Books, Dogs"
186,Escape to the Mesa,['StacyPlays'],4.51,['908 ratings60 reviews'],"Fantasy, Fiction, Middle Grade, Wolves, Animals, Young Adult, Action"
187,It's Trevor Noah: Born a Crime: Stories from a South African Childhood,['Trevor Noah'],4.4,"['7,880 ratings950 reviews']","Nonfiction, Memoir, Biography, Middle Grade, Humor, School, Autobiography"
188,Harbor Me,['Jacqueline Woodson'],4.21,"['12,776 ratings2,332 reviews']","Middle Grade, Realistic Fiction, Fiction, Young Adult, Contemporary, Audiobook, Childrens"
189,Dragon Pearl,['Yoon Ha Lee'],3.83,"['11,463 ratings2,030 reviews']","Fantasy, Middle Grade, Science Fiction, Mythology, Young Adult, Fiction, Adventure"
190,A Velocity of Being: Letters to A Young Reader,['Claudia Zoe Bedrick' 'David Remnick' 'Maria Popova'],4.53,"['1,399 ratings310 reviews']","Nonfiction, Books About Books, Essays, Art, Childrens, Writing, Poetry"
191,"Mac Undercover (Mac B., Kid Spy #1)",['Mac Barnett' 'Mike Lowery'],4.17,"['2,065 ratings300 reviews']","Middle Grade, Humor, Mystery, Childrens, Adventure, Chapter Books, Fiction"
192,Ronan Boyle and the Bridge of Riddles,['John Hendrix' 'Thomas Lennon'],3.83,['815 ratings179 reviews'],"Fantasy, Middle Grade, Fiction, Humor, Childrens, Adventure, Mystery"
193,"The Confidence Code for Girls: Taking Risks, Messing Up, & Becoming Your Amazingly Imperfect, Totally Powerful Self",['Claire Shipman' 'JillEllyn Riley' 'Katty Kay'],4.05,"['1,325 ratings181 reviews']","Nonfiction, Parenting, Childrens, Self Help, Middle Grade, Feminism, Womens"
195,Minecraft: The Crash: (The Second Official Minecraft Novel),['Tracey Baptiste'],4.13,"['1,581 ratings114 reviews']","Fiction, Fantasy, Middle Grade, Gaming, Science Fiction, Childrens, Video Games"
196,Game of Stars,['Sayantani DasGupta'],4.16,"['1,813 ratings202 reviews']","Fantasy, Middle Grade, Mythology, Fiction, Adventure, Magic, Childrens"
197,Louisiana's Way Home,['Kate DiCamillo'],4.28,"['12,786 ratings2,094 reviews']","Middle Grade, Realistic Fiction, Fiction, Childrens, Family, Historical Fiction, Juvenile"
198,"The Impossible Crime (Mac B., Kid Spy #2)",['Mac Barnett' 'Mike Lowery'],4.33,['840 ratings79 reviews'],"Mystery, Middle Grade, Humor, Childrens, Adventure, Fiction, Chapter Books"
199,Amal Unbound,['Aisha Saeed'],4.18,"['17,909 ratings2,629 reviews']","Middle Grade, Realistic Fiction, Fiction, Young Adult, Contemporary, Audiobook, Family"
200,The Genius Experiment,['Beverly Johnson' 'Chris Grabenstein' 'James Patterson'],4.17,"['2,671 ratings380 reviews']","Middle Grade, Adventure, Fiction, Childrens, Science Fiction, Young Adult, Mystery"
201,The Girl Who Drank the Moon,['Kelly Barnhill'],4.12,"['101,929 ratings16,039 reviews']","Fiction, Young Adult, Childrens, Magic, Audiobook, Witches, Dragons"
202,Willa of the Wood,['Robert  Beatty'],4.22,"['7,012 ratings1,277 reviews']","Fantasy, Middle Grade, Fiction, Young Adult, Historical Fiction, Childrens, Adventure"
203,Wundersmith: The Calling of Morrigan Crow,['Beatriz Castro' 'Jessica Townsend'],4.48,"['37,041 ratings4,827 reviews']","Fantasy, Middle Grade, Fiction, Audiobook, Childrens, Young Adult, Magic"
204,Start Now!: You Can Make a Difference,['Chelsea Clinton'],3.92,['169 ratings22 reviews'],"Nonfiction, Middle Grade, Childrens, Nature"
205,The Second Story,['Neil Patrick Harris'],4.18,"['4,947 ratings478 reviews']","Middle Grade, Fantasy, Fiction, Mystery, Audiobook, Childrens, Magic"
206,Grenade,['Alan Gratz'],4.17,"['10,489 ratings1,231 reviews']","Historical Fiction, Young Adult, Middle Grade, Historical, War, Fiction, World War II"
207,Rosie Revere and the Raucous Riveters,['Andrea Beaty' 'David Roberts'],4.17,"['1,423 ratings194 reviews']","Childrens, Chapter Books, Fiction, Middle Grade, Realistic Fiction, Juvenile, School"
208,Squirm,['Carl Hiaasen'],3.83,"['6,442 ratings672 reviews']","Fiction, Middle Grade, Adventure, Young Adult, Humor, Realistic Fiction, Mystery"
209,Stories for Boys Who Dare to Be Different: True Tales of Amazing Boys Who Changed the World without Killing Dragons,['Ben Brooks' 'Quinton Winter'],4.2,"['1,565 ratings223 reviews']","Nonfiction, Childrens, Biography, History, Middle Grade, Short Stories, Feminism"
210,The Vanderbeekers and the Hidden Garden,['Karina Yan Glaser'],4.41,"['6,967 ratings924 reviews']","Middle Grade, Fiction, Realistic Fiction, Childrens, Contemporary, Family, Audiobook"
211,The Storm Runner,['Irvin Rodriguez' 'J.C. Cervantes' 'Jennifer Cervantes'],4.06,"['9,997 ratings1,269 reviews']","Fantasy, Middle Grade, Mythology, Young Adult, Fiction, Adventure, Childrens"
212,PopularMMOs Presents A Hole New World,['Dani Jones' 'PopularMMOs'],4.52,"['1,722 ratings150 reviews']","Graphic Novels, Middle Grade, Fantasy, Adventure, Childrens, Graphic Novels Comics, Comics"
213,The Beloved World of Sonia Sotomayor,['Sonia Sotomayor'],4.04,['251 ratings49 reviews'],"Nonfiction, Biography, Middle Grade, Memoir, Autobiography, Biography Memoir, Family"
214,City of Ghosts,['Victoria Schwab'],3.88,"['69,534 ratings11,862 reviews']","Fantasy, Middle Grade, Paranormal, Young Adult, Horror, Audiobook, Ghosts"
215,Rebound,['Kwame Alexander'],4.31,"['13,277 ratings1,608 reviews']","Poetry, Sports, Middle Grade, Young Adult, Realistic Fiction, Fiction, Family"
216,"Hello, Universe",['Erin Entrada Kelly' 'Isabel Roxas'],3.93,"['23,215 ratings3,700 reviews']","Middle Grade, Realistic Fiction, Fiction, Childrens, Young Adult, Contemporary, Audiobook"
217,The Last,['Katherine Applegate'],4.2,"['5,999 ratings921 reviews']","Fantasy, Middle Grade, Adventure, Fiction, Animals, Childrens, Young Adult"
218,Aru Shah and the End of Time,['Roshani Chokshi'],4.1,"['26,130 ratings3,945 reviews']","Fantasy, Middle Grade, Mythology, Fiction, Young Adult, Adventure, Childrens"
219,Guardians of the Taiga,['StacyPlays'],4.31,"['1,641 ratings184 reviews']","Middle Grade, Fantasy, Fiction, Childrens, Animals, Adventure, Young Adult"
220,Calling All Minds: How To Think and Create Like an Inventor,['Temple Grandin'],3.78,['448 ratings88 reviews'],"Nonfiction, Science, Autistic Spectrum Disorder, Middle Grade, Audiobook, Childrens, Self Help"
221,You Go First,['Erin Entrada Kelly'],3.81,"['5,304 ratings782 reviews']","Middle Grade, Realistic Fiction, Fiction, Childrens, Contemporary, Family, Audiobook"
222,The Wild Robot Escapes,['Peter  Brown'],4.4,"['19,417 ratings2,199 reviews']","Middle Grade, Science Fiction, Fiction, Fantasy, Childrens, Adventure, Audiobook"
223,The Dark Prophecy,['Rick Riordan'],4.13,"['120,601 ratings8,248 reviews']","Fantasy, Mythology, Young Adult, Middle Grade, Fiction, Adventure, Greek Mythology"
224,Jacky Ha-Ha: My Life Is a Joke,['Chris Grabenstein' 'James Patterson' 'Kerascoët'],4.25,"['1,249 ratings135 reviews']","Middle Grade, Fiction, Humor, Childrens, Realistic Fiction, Young Adult, Chapter Books"
225,Dragon Bones,['Lisa McMann'],4.26,"['2,539 ratings180 reviews']","Fantasy, Middle Grade, Dragons, Adventure, Young Adult, Childrens, Fiction"
226,The Magic Misfits,['Kyle Hilton' 'Lissy Marlin' 'Neil Patrick Harris'],4,"['15,073 ratings2,111 reviews']","Middle Grade, Fantasy, Fiction, Childrens, Magic, Audiobook, Mystery"
227,Good Night Stories for Rebel Girls 2,['Elena Favilli' 'Francesca Cavallo'],4.36,"['10,989 ratings1,142 reviews']","Nonfiction, Feminism, Childrens, Biography, Short Stories, History, Middle Grade"
228,Nevermoor: The Trials of Morrigan Crow,['James Madsen' 'Jessica Townsend'],4.33,"['66,316 ratings10,630 reviews']","Fantasy, Middle Grade, Fiction, Young Adult, Childrens, Audiobook, Magic"
229,The Purloining of Prince Oleomargarine,['Erin E. Stead' 'Mark Twain' 'Philip C. Stead'],4.07,"['1,605 ratings414 reviews']","Fantasy, Childrens, Picture Books, Fiction, Middle Grade, Humor, Classics"
230,Snow & Rose,['Emily Winfield Martin'],4.03,"['7,759 ratings1,570 reviews']","Fantasy, Middle Grade, Fairy Tales, Retellings, Fiction, Childrens, Young Adult"
231,Laugh Out Loud,['Chris Grabenstein' 'James Patterson' 'Jeff Ebbeler'],4.13,['782 ratings108 reviews'],"Fiction, Childrens, Middle Grade, Humor, Juvenile"
232,The War I Finally Won,['Kimberly Brubaker Bradley'],4.49,"['41,406 ratings4,581 reviews']","Historical Fiction, Middle Grade, Fiction, Young Adult, Historical, World War II, Audiobook"
233,JoJo's Guide to the Sweet Life: #PeaceOutHaterz,['JoJo Siwa'],4.24,['785 ratings68 reviews'],Nonfiction
234,The Wizards of Once,['Cressida Cowell'],3.91,"['11,412 ratings1,830 reviews']","Fantasy, Middle Grade, Audiobook, Fiction, Childrens, Magic, Adventure"
235,Pottymouth and Stoopid,['James Patterson'],4.05,['827 ratings142 reviews'],"Fiction, Humor, Middle Grade, Realistic Fiction, Childrens, Young Adult, Juvenile"
236,Middle School Mayhem,['Rachel Renée Russell'],4.25,"['2,337 ratings144 reviews']","Middle Grade, Realistic Fiction, Humor, Fiction, Graphic Novels, Childrens, Romance"
238,Patina,['Jason Reynolds'],4.18,"['13,100 ratings1,778 reviews']","Middle Grade, Realistic Fiction, Sports, Young Adult, Fiction, Audiobook, Contemporary"
239,The Friendship Code,['Reshma Saujani' 'Stacia Deutsch'],4.04,['783 ratings166 reviews'],"Middle Grade, Realistic Fiction, Fiction, Childrens, Coding, Juvenile, Feminism"
240,The Hidden Oracle,['Rick Riordan'],4.15,"['202,418 ratings16,246 reviews']","Fantasy, Mythology, Young Adult, Middle Grade, Fiction, Adventure, Greek Mythology"
241,Locker Hero,['Rachel Renée Russell'],4.1,"['4,594 ratings396 reviews']","Middle Grade, Humor, Childrens, Realistic Fiction, Graphic Novels, Fiction, School"
242,Broken Pride,['Erin Hunter' 'Owen Richardson'],4.21,"['3,355 ratings308 reviews']","Fantasy, Animals, Middle Grade, Fiction, Adventure, Childrens, Young Adult"
243,Ghost,['Jason Reynolds'],4.2,"['46,431 ratings6,461 reviews']","Middle Grade, Realistic Fiction, Sports, Young Adult, Fiction, Audiobook, Contemporary"
244,Beauty and the Beast: Lost in a Book,['Jennifer Donnelly'],3.89,"['17,519 ratings2,518 reviews']","Fantasy, Young Adult, Retellings, Fiction, Fairy Tales, Romance, Middle Grade"
245,Camp Half-Blood Confidential: Your Real Guide to the Demigod Training Camp,['Rick Riordan' 'Stef Masciandaro'],4.14,"['20,308 ratings1,294 reviews']","Fantasy, Mythology, Middle Grade, Young Adult, Fiction, Greek Mythology, Short Stories"
246,Pax,['Jon Klassen' 'Sara Pennypacker'],3.98,"['58,812 ratings7,318 reviews']","Middle Grade, Fiction, Animals, Childrens, Young Adult, War, Adventure"
247,The Unbreakable Code,['Jennifer Chambliss Bertman'],4.23,"['4,098 ratings425 reviews']","Mystery, Middle Grade, Fiction, Adventure, Books About Books, Childrens, Young Adult"
248,At the Bottom of the World,['Bill Nye' 'Gregory Mone' 'Nicholas Iluzada'],3.97,"['1,003 ratings166 reviews']","Mystery, Middle Grade, Adventure, Childrens, Science, Juvenile, Chapter Books"
249,Dragonwatch,['Brandon Mull'],4.34,"['18,336 ratings1,645 reviews']","Fantasy, Middle Grade, Dragons, Young Adult, Adventure, Fiction, Childrens"
250,Word of Mouse,['Chris Grabenstein' 'James Patterson' 'Joe  Sutphin'],4.13,"['3,000 ratings489 reviews']","Middle Grade, Fantasy, Animals, Fiction, Childrens, Adventure, Juvenile"
251,Out of Wonder: Poems Celebrating Poets,['Chris Colderley' 'Kwame Alexander' 'Marjory Wentworth'],4.36,"['1,801 ratings476 reviews']","Poetry, Picture Books, Nonfiction, Childrens, Middle Grade, African American, Cultural"
252,"Rad American Women A-Z: Rebels, Trailblazers, and Visionaries who Shaped Our History . . . and Our Future!",['Kate Schatz' 'Miriam Klein Stahl'],4.42,"['3,171 ratings460 reviews']","Nonfiction, Feminism, History, Biography, Childrens, Picture Books, Middle Grade"
253,Baseball Genius,['Derek Jeter' 'Tim Green'],4.27,['659 ratings109 reviews'],"Sports, Baseball, Middle Grade, Fiction, Realistic Fiction, Young Adult, Juvenile"
254,Survivors Club: The True Story of a Very Young Prisoner of Auschwitz,['Debbie Bornstein Holinstat' 'Michael Bornstein'],4.56,"['2,661 ratings389 reviews']","Nonfiction, Holocaust, History, Memoir, Biography, World War II, War"
255,Short,['Holly Goldberg Sloan'],3.78,"['6,248 ratings963 reviews']","Middle Grade, Realistic Fiction, Fiction, Young Adult, Humor, Childrens, Contemporary"
256,"The Playbook: 52 Rules to Aim, Shoot, and Score in This Game Called Life",['Kwame Alexander' 'Thai Neave'],4.23,"['2,953 ratings510 reviews']","Sports, Nonfiction, Poetry, Middle Grade, Inspirational, Self Help, Basketball"
257,Dragon Captives,['Lisa McMann'],4.15,"['4,204 ratings242 reviews']","Fantasy, Middle Grade, Dragons, Adventure, Young Adult, Magic, Fiction"
258,I Got This: To Gold and Beyond,['Laurie Hernandez'],3.99,"['1,958 ratings235 reviews']","Nonfiction, Sports, Biography, Memoir, Middle Grade, Audiobook, Autobiography"
260,The Hammer of Thor,['Rick Riordan'],4.31,"['116,376 ratings8,147 reviews']","Fantasy, Mythology, Young Adult, Middle Grade, Fiction, Adventure, LGBT"
261,The Secret Keepers,['Diana Sudyka' 'Trenton Lee Stewart'],4.07,"['7,853 ratings1,003 reviews']","Middle Grade, Fantasy, Mystery, Fiction, Adventure, Childrens, Young Adult"
262,Return to the Isle of the Lost,['Melissa de la Cruz'],3.91,"['9,716 ratings931 reviews']","Fantasy, Young Adult, Middle Grade, Retellings, Fairy Tales, Fiction, Magic"
263,The Best Bear in All the World,['Brian Sibley' 'Jeanne Willis' 'Paul Bright'],4.21,['988 ratings145 reviews'],"Childrens, Classics, Fiction, Animals, Fantasy, Short Stories, Audiobook"
264,The Last Kids on Earth and the Zombie Parade,['Douglas Holgate' 'Max Brallier'],4.37,"['6,037 ratings512 reviews']","Middle Grade, Fantasy, Childrens, Zombies, Fiction, Adventure, Humor"
265,Frazzled: Everyday Disasters and Impending Doom,['Booki Vivat'],3.85,"['2,122 ratings398 reviews']","Middle Grade, Graphic Novels, Realistic Fiction, Humor, Fiction, Childrens, Juvenile"
266,Some Writer!: The Story of E. B. White,['Melissa Sweet'],4.15,"['5,674 ratings1,144 reviews']","Biography, Nonfiction, Middle Grade, Picture Books, Childrens, Writing, Biography Memoir"
267,When the Sea Turned to Silver,['Grace Lin'],4.36,"['6,035 ratings856 reviews']","Fantasy, Middle Grade, Fiction, Adventure, Childrens, Mythology, China"
268,Home Sweet Motel,['Chris Grabenstein'],4.09,"['1,680 ratings236 reviews']","Middle Grade, Humor, Mystery, Fiction, Realistic Fiction, Childrens, Juvenile"
270,"Rad Women Worldwide: Artists and Athletes, Pirates and Punks, and Other Revolutionaries Who Shaped History",['Kate Schatz' 'Miriam Klein Stahl'],4.38,"['1,690 ratings277 reviews']","Nonfiction, Feminism, History, Biography, Womens, Middle Grade, Childrens"
272,The Answer,['Elle Michalka' 'Rebecca Sugar' 'Tiffany Ford'],4.55,"['1,262 ratings152 reviews']","Picture Books, Fantasy, LGBT, Childrens, Graphic Novels, Queer, Fiction"
273,Furthermore,['Tahereh Mafi'],3.89,"['15,753 ratings3,597 reviews']","Fantasy, Middle Grade, Young Adult, Fiction, Magic, Childrens, Adventure"
275,"Hotel Valhalla Guide to the Norse Worlds: Your Introduction to Deities, Mythical Beings & Fantastic Creatures",['Rick Riordan' 'Yori Elita Narpati'],3.94,"['11,242 ratings791 reviews']","Fantasy, Mythology, Young Adult, Middle Grade, Fiction, Urban Fantasy, Short Stories"
276,The Candymakers and the Great Chocolate Chase,['Wendy Mass'],4.25,"['3,766 ratings321 reviews']","Middle Grade, Fiction, Mystery, Childrens, Contemporary, Fantasy, Realistic Fiction"
277,Serafina and the Twisted Staff,['Robert  Beatty'],4.26,"['11,253 ratings1,178 reviews']","Fantasy, Middle Grade, Mystery, Historical Fiction, Young Adult, Fiction, Childrens"
279,Echo,['Pam Muñoz Ryan'],4.36,"['44,381 ratings8,048 reviews']","Historical Fiction, Middle Grade, Fantasy, Young Adult, Fiction, Audiobook, Magical Realism"
281,Demigods & Magicians: Percy and Annabeth Meet the Kanes,['Rick Riordan'],4.29,"['19,385 ratings1,315 reviews']","Fantasy, Mythology, Middle Grade, Young Adult, Fiction, Short Stories, Urban Fantasy"
282,Booked,['Kwame Alexander'],4.18,"['18,779 ratings2,885 reviews']","Poetry, Sports, Middle Grade, Young Adult, Realistic Fiction, Fiction, Family"
283,Quiet Power: The Secret Strengths of Introverts,['Erica Moroz' 'Gregory Mone' 'Susan Cain'],3.92,"['6,224 ratings809 reviews']","Nonfiction, Psychology, Self Help, Parenting, Education, Personal Development, Audiobook"
284,The Gutsy Girl: Escapades for Your Life of Epic Adventure,['Caroline Paul'],3.9,"['1,058 ratings154 reviews']","Nonfiction, Feminism, Memoir, Childrens, Self Help, Parenting, Adventure"
285,Spaced Out,['Stuart Gibbs'],4.42,"['6,406 ratings419 reviews']","Mystery, Science Fiction, Middle Grade, Fiction, Space, Childrens, Audiobook"
286,Mr. Lemoncello's Library Olympics,['Chris Grabenstein'],4.2,"['14,258 ratings1,395 reviews']","Middle Grade, Mystery, Fiction, Adventure, Childrens, Books About Books, Young Adult"
287,The Terrible Two Get Worse,['Jory John' 'Kevin Cornell' 'Mac Barnett'],4.27,"['3,250 ratings328 reviews']","Humor, Middle Grade, Fiction, Realistic Fiction, Childrens, Audiobook, Juvenile"
288,Crenshaw,['Katherine Applegate'],3.98,"['34,492 ratings4,767 reviews']","Middle Grade, Fantasy, Fiction, Childrens, Realistic Fiction, Family, Animals"
289,I Am Malala: How One Girl Stood Up for Education and Changed the World,['Malala Yousafzai' 'Patricia McCormick'],4.34,"['32,241 ratings3,624 reviews']","Nonfiction, Biography, Memoir, Middle Grade, Feminism, Autobiography, School"
290,Demon Dentist,['David Walliams' 'Tony Ross'],4.15,"['15,573 ratings1,055 reviews']","Childrens, Middle Grade, Fiction, Fantasy, Humor, Horror, Young Adult"
291,The Terrible Two,['Jory John' 'Kevin Cornell' 'Mac Barnett'],4.13,"['11,571 ratings1,309 reviews']","Humor, Middle Grade, Realistic Fiction, Fiction, Childrens, Audiobook, Juvenile"
292,Robots Go Wild!,['Chris Grabenstein' 'James Patterson' 'Juliana Neufeld'],4.32,"['1,468 ratings113 reviews']","Science Fiction, Fiction, Childrens, Robots, Middle Grade, Young Adult, Audiobook"
293,The War That Saved My Life,['Kimberly Brubaker Bradley'],4.49,"['102,868 ratings12,541 reviews']","Historical Fiction, Middle Grade, Fiction, Young Adult, Historical, World War II, Childrens"
294,Star Wars: Before the Awakening,['Greg Rucka' 'Phil Noto'],3.77,"['7,420 ratings981 reviews']","Star Wars, Science Fiction, Fiction, Young Adult, Fantasy, Short Stories, Middle Grade"
295,The Zodiac Legacy: The Dragon's Return,['Andie Tong' 'Stan Lee' 'Stuart Moore'],4.08,"['1,915 ratings159 reviews']","Fantasy, Young Adult, Middle Grade, Fiction, Adventure, Science Fiction, Mythology"
296,Rise of the Wolf,['Jennifer A. Nielsen'],4.11,"['6,199 ratings472 reviews']","Fantasy, Young Adult, Historical Fiction, Mythology, Fiction, Middle Grade, Adventure"
297,Percy Jackson's Greek Heroes,['John Rocco' 'Rick Riordan'],4.43,"['47,750 ratings2,512 reviews']","Fantasy, Mythology, Young Adult, Middle Grade, Greek Mythology, Fiction, Adventure"
298,The Marvels,['Brian Selznick'],3.99,"['20,397 ratings3,194 reviews']","Middle Grade, Historical Fiction, Fiction, Graphic Novels, Fantasy, Young Adult, Childrens"
299,The Story of Diva and Flea,['Mo Willems'],4.19,"['3,962 ratings765 reviews']","Animals, Childrens, Cats, Picture Books, Fiction, Chapter Books, Dogs"
300,Circus Mirandus,['Cassie Beasley'],4.08,"['10,423 ratings1,777 reviews']","Fantasy, Middle Grade, Childrens, Magic, Fiction, Young Adult, Magical Realism"
301,The Princess in Black and the Perfect Princess Party,['Dean Hale' 'LeUyen Pham' 'Shannon Hale'],4.15,"['4,665 ratings529 reviews']","Fantasy, Childrens, Chapter Books, Adventure, Fiction, Middle Grade, Juvenile"
302,Fast Break,['Mike Lupica'],4.26,"['1,460 ratings307 reviews']","Sports, Middle Grade, Realistic Fiction, Fiction, Basketball, Childrens, Fostering"
304,The Thing About Jellyfish,['Ali Benjamin'],4.1,"['40,759 ratings5,333 reviews']","Middle Grade, Young Adult, Fiction, Realistic Fiction, Contemporary, Childrens, Death"
305,"It's Your World: Get Informed, Get Inspired & Get Going!",['Chelsea Clinton'],3.72,['543 ratings102 reviews'],"Nonfiction, Childrens, Middle Grade, Self Help, Social Justice, Essays, Politics"
309,The Boys in the Boat: The True Story of an American Team's Epic Journey to Win Gold at the 1936 Olympics,['Daniel James Brown' 'Gregory Mone'],4.43,"['12,194 ratings1,292 reviews']","Nonfiction, History, Sports, Historical, Biography, Audiobook, Middle Grade"
310,Fuzzy Mud,['Louis Sachar'],3.89,"['11,892 ratings1,739 reviews']","Middle Grade, Science Fiction, Mystery, Fiction, Young Adult, Childrens, Realistic Fiction"
311,Francine Poulet Meets the Ghost Raccoon,['Chris Van Dusen' 'Kate DiCamillo'],4.09,"['2,072 ratings283 reviews']","Chapter Books, Childrens, Humor, Animals, Fiction, Juvenile, Middle Grade"
312,JURASSIC WORLD SPECI,['David Lewman' 'Random House'],4.27,['775 ratings59 reviews'],"Dinosaurs, Science Fiction, Childrens, Fiction, Media Tie In, Novels, Adventure"
313,Magnolia Wu Unfolds It All,['Chanel Miller'],4.48,['777 ratings212 reviews'],"Middle Grade, Fiction, Childrens, Graphic Novels, Realistic Fiction, Mystery, Young Adult"
314,Wonka,['Roald Dahl' 'Sibéal Pounder' 'Simon Farnaby'],4.03,"['18,613 ratings352 reviews']","Fantasy, Fiction, Audiobook, Middle Grade, Childrens, Adventure, Classics"
315,Worst Broommate Ever! (1),['Anna Abramskaya' 'Wanda Coven'],4.3,['168 ratings26 reviews'],"Middle Grade, Fantasy, Childrens, Fiction"
316,The Human Kaboom: 6 Explosively Different Stories with the Same Exact Name!,['Adam Rubin'],3.72,['57 ratings8 reviews'],"Middle Grade, Short Stories, Fiction, Childrens"
317,Amari and the Great Game,['B.B. Alston'],4.33,"['10,591 ratings1,651 reviews']","Fantasy, Middle Grade, Fiction, Magic, Audiobook, Young Adult, Mystery"
318,Black Boy Joy,['Kwame Mbalia'],4.25,"['1,755 ratings375 reviews']","Middle Grade, Short Stories, Fiction, Fantasy, Anthologies, Young Adult, Contemporary"
319,Witchlings,['Claribel A. Ortega'],4.15,"['4,334 ratings867 reviews']","Middle Grade, Fantasy, Witches, Magic, Audiobook, Fiction, Childrens"
320,The One and Only Bob,['Katherine Applegate' 'Patricia Castelao'],4.23,"['23,447 ratings2,801 reviews']","Middle Grade, Fiction, Animals, Fantasy, Childrens, Audiobook, Young Adult"
321,The Islanders,['Angela May' 'Mary Alice Monroe'],4.39,"['1,471 ratings240 reviews']","Middle Grade, Young Adult, Realistic Fiction, Childrens, Fiction, Animals, Adventure"
322,A Tale of Witchcraft...,['Chris Colfer'],4.37,"['10,986 ratings849 reviews']","Fantasy, Middle Grade, Magic, Fiction, Young Adult, Adventure, Childrens"
323,This Is Your Time,['Ruby Bridges'],4.51,"['2,781 ratings444 reviews']","Nonfiction, History, Memoir, Biography, Childrens, Picture Books, Social Justice"
324,Clean Getaway,['Nic Stone'],3.98,"['7,716 ratings1,199 reviews']","Middle Grade, Realistic Fiction, Fiction, Adventure, Contemporary, Family, Young Adult"
325,A Tale of Magic...,['Chris Colfer'],4.26,"['23,284 ratings1,919 reviews']","Fantasy, Middle Grade, Fiction, Magic, Young Adult, Childrens, Adventure"
326,Project Middle School,['Alyssa Milano' 'Debbie Rigaud' 'Eric S. Keyes'],3.6,['294 ratings59 reviews'],"Middle Grade, Realistic Fiction, Science, School, Childrens, Contemporary"
327,Katt vs. Dogg,['Anuki Lpez' 'Chris Grabenstein' 'James Patterson'],4.22,['954 ratings146 reviews'],"Animals, Cats, Humor, Adventure, Childrens, Dogs, Fiction"
328,Ada Twist and the Perilous Pants,['Andrea Beaty' 'David Roberts'],4.2,['806 ratings136 reviews'],"Childrens, Chapter Books, Science, Middle Grade, Juvenile, Realistic Fiction, Humor"
329,Wrath of the Dragon King,['Brandon Mull'],4.4,"['10,981 ratings877 reviews']","Fantasy, Middle Grade, Fiction, Dragons, Young Adult, Adventure, Magic"
330,Code of Honor,['Erin Hunter'],4.34,"['1,733 ratings116 reviews']","Fantasy, Animals, Middle Grade, Fiction, Childrens, Adventure, Young Adult"
331,Gravity Falls: Journal 3,['Alex Hirsch' 'Andy Gonsalves' 'Rob Renzetti'],4.68,"['7,953 ratings815 reviews']","Fantasy, Fiction, Mystery, Graphic Novels, Middle Grade, Humor, Science Fiction"
332,I'm Just No Good at Rhyming: And Other Nonsense for Mischievous Kids and Immature Grown-Ups,['Chris   Harris' 'Lane Smith'],4.34,"['1,660 ratings457 reviews']","Poetry, Humor, Middle Grade, Childrens, Nonfiction, Picture Books, Juvenile"
333,Dog Man Unleashed,['Dav Pilkey'],4.44,"['18,660 ratings876 reviews']","Graphic Novels, Childrens, Comics, Humor, Fiction, Middle Grade, Animals"
334,Girls Who Code: Learn to Code and Change the World,['Reshma Saujani'],4.07,['810 ratings152 reviews'],"Nonfiction, Science, Middle Grade, Coding, Childrens, Technology, Education"
335,Wolf Hollow,['Lauren Wolk'],4.18,"['27,560 ratings4,375 reviews']","Historical Fiction, Middle Grade, Young Adult, Fiction, Historical, Childrens, Realistic Fiction"
336,The Land of Stories: A Treasury of Classic Fairy Tales,['Brandon Dorman' 'Chris Colfer'],4.35,"['1,701 ratings146 reviews']","Fantasy, Middle Grade, Fairy Tales, Short Stories, Childrens, Fiction, Classics"
337,Fish in a Tree,['Lynda Mullaly Hunt'],4.26,"['76,435 ratings8,210 reviews']","Middle Grade, Realistic Fiction, Fiction, Young Adult, Contemporary, Childrens, School"
338,Moo,['Sharon Creech'],3.86,"['9,955 ratings1,531 reviews']","Middle Grade, Poetry, Realistic Fiction, Animals, Fiction, Childrens, Family"
339,"Grover Cleveland, Again!: A Treasury of American Presidents",['Ken Burns'],4.35,['237 ratings52 reviews'],"History, Nonfiction, Biography, Presidents, Childrens, Picture Books, American History"
340,Brown Girl Dreaming,['Jacqueline Woodson'],4.15,"['88,826 ratings11,473 reviews']","Poetry, Memoir, Nonfiction, Middle Grade, Biography, Audiobook, Childrens"
341,Red: The True Story of Red Riding Hood,['Liesl Shurtliff'],4.09,"['3,154 ratings504 reviews']","Fantasy, Middle Grade, Fairy Tales, Retellings, Fiction, Childrens, Adventure"
342,Bad Luck,['Pseudonymous Bosch'],4.16,"['1,632 ratings154 reviews']","Fantasy, Middle Grade, Mystery, Fiction, Childrens, Adventure, Magic"
343,The Eyes and the Impossible,['Dave Eggers' 'Shawn Harris'],4.25,"['7,709 ratings1,570 reviews']","Middle Grade, Fiction, Animals, Fantasy, Childrens, Adventure, Audiobook"
344,The City Beyond the Sea,['Pari Thomson'],4.4,['265 ratings57 reviews'],"Fantasy, Middle Grade, Childrens, Audiobook, Mystery, Science Fiction Fantasy"
345,Welcome to Smellville,['R.L. Stine'],3.34,['306 ratings66 reviews'],"Humor, Middle Grade, Audiobook, Childrens, Young Readers, Juvenile"
346,"The Inquisitor's Tale: Or, The Three Magical Children and Their Holy Dog",['Adam Gidwitz' 'Hatem Aly'],4.15,"['12,252 ratings2,432 reviews']","Historical Fiction, Fantasy, Middle Grade, Fiction, Adventure, Historical, Childrens"
347,Auggie & Me: Three Wonder Stories,['R.J. Palacio'],4.28,"['38,728 ratings3,578 reviews']","Middle Grade, Fiction, Young Adult, Contemporary, Realistic Fiction, Childrens, Short Stories"
